ReviewID,ProductID,CustomerID,Rating,ReviewDate,ReviewText
R0001,P0802,C0146,5,2024-05-17,Before risk smile per night contain art each raise source stage party home.
R0002,P0912,C0682,4,2024-10-01,Open information true billion to field line song.
R0003,P0625,C0916,1,2024-12-03,Production heart compare treat range scientist we.
R0004,P0969,C0132,2,2024-08-23,Window exactly bar sort body return.
R0005,P0830,C0193,4,2024-06-12,Charge join sound by offer key film American outside growth.
R0006,P0640,C0565,3,2024-04-09,Rule easy around model event manage particular laugh let game.
R0007,P0451,C0272,3,2024-10-06,Data old cause fish station official teacher clear give.
R0008,P0222,C0048,3,2024-02-28,Question they game sister smile charge.
R0009,P0844,C0183,4,2024-10-07,Long author high role get ahead commercial popular south.
R0010,P0899,C0682,1,2024-10-06,Table sing century should Mrs job social young none more stay yeah kitchen year.
R0011,P0552,C0905,5,2024-12-02,Many nothing week blood scientist bit story cold offer simple.
R0012,P0510,C0089,4,2024-06-04,Born effect when your young discuss relate indeed what evening especially.
R0013,P0701,C0781,2,2024-10-09,Matter few organization open allow prevent by notice address.
R0014,P0866,C0843,2,2024-04-20,Trade station treatment together staff many perform.
R0015,P0253,C0299,4,2024-11-01,Avoid fear hit stuff all office recognize pick.
R0016,P0696,C0733,1,2024-08-22,Cell minute their away matter region.
R0017,P0233,C0789,2,2024-12-08,Happen member life out near participant use land owner television alone believe force.
R0018,P0058,C0025,5,2024-05-05,Accept responsibility common side until professional consider measure forward bag after wide.
R0019,P0827,C0689,1,2024-08-19,Rate suffer write black many interesting son shake would fear.
R0020,P0034,C0901,3,2024-01-30,Hour develop western pick beautiful foot enter decide.
R0021,P0378,C0308,1,2024-03-14,Easy the present respond teacher bit garden.
R0022,P0855,C0120,4,2024-06-05,Phone various exactly study cut could recent authority similar can order begin successful.
R0023,P0923,C0054,5,2024-11-10,Position get just cultural make medical.
R0024,P0455,C0852,1,2024-03-31,Human million time truth goal half interesting.
R0025,P0887,C0621,1,2024-03-10,Support bill building every provide speak think voice reveal entire institution suddenly.
R0026,P0529,C0528,1,2024-10-04,Truth so hope two race him sense father miss store through.
R0027,P0701,C0461,4,2024-12-11,System traditional role less role man.
R0028,P0784,C0749,3,2024-12-25,From course positive never also detail father picture alone.
R0029,P0703,C0538,3,2024-09-16,Pretty since city citizen minute perhaps television more low son agreement.
R0030,P0228,C0421,5,2024-01-16,News money tree star television become along provide explain reflect draw compare director.
R0031,P0316,C0887,4,2024-12-18,Dark fill suddenly else couple detail as better expert.
R0032,P0331,C0470,2,2024-04-23,Pick off might build better fear necessary benefit step activity road training factor.
R0033,P0669,C0321,5,2024-07-04,Away interesting adult part pull former nice different and two respond media.
R0034,P0179,C0263,3,2024-09-13,Similar speak idea myself age note everyone hold possible identify seek can.
R0035,P0827,C0080,5,2024-03-20,Street commercial attention clear old old music case early face.
R0036,P0150,C0672,3,2024-06-21,Over anything event any music prepare follow suffer thank.
R0037,P0039,C0806,1,2024-06-25,Past his every also should base party loss us example should.
R0038,P0076,C0273,4,2024-05-04,Bag Democrat product day huge expert help when guy exist yes data meet.
R0039,P0043,C0491,5,2024-10-18,Perhaps total fish culture floor somebody service consider draw.
R0040,P0774,C0716,4,2024-03-31,Reduce eat week his into machine think build air pattern.
R0041,P0796,C0349,3,2024-11-26,Tough hope avoid measure live sit we.
R0042,P0328,C0795,2,2024-08-28,Yourself wall rock available successful policy natural how dinner them east director old.
R0043,P0383,C0314,4,2024-01-27,Door standard job project whether pay.
R0044,P0403,C0165,2,2024-12-21,Interesting others wait career speak involve open security.
R0045,P0307,C0394,4,2024-10-22,Professional born plant land machine above fight card huge within man meeting author.
R0046,P0296,C0264,1,2024-01-20,Huge identify research a carry spring federal you threat model evidence surface however.
R0047,P0706,C0954,3,2024-03-19,Minute west reach live cell when dark tax tough position avoid move husband.
R0048,P0443,C0032,3,2024-08-04,Degree require energy fill expert happy better tell rest assume center.
R0049,P0564,C0879,1,2024-05-16,Sister inside action first owner at which language walk.
R0050,P0462,C0121,5,2024-04-27,Manage minute spring trouble hear tough.
R0051,P0337,C0275,2,2024-10-14,Drive most without only add manage.
R0052,P0573,C0901,4,2024-01-24,Read successful front enough middle election reach simple staff third federal.
R0053,P0455,C0320,5,2024-07-11,Follow remain middle nature party at child dinner.
R0054,P0955,C0373,2,2024-06-26,Work letter begin decide factor husband position foreign only rock.
R0055,P0159,C0543,5,2024-12-27,Parent issue nothing finish which lead size camera very growth to.
R0056,P0429,C0596,2,2024-03-22,Notice face measure street development already wish.
R0057,P0902,C0762,3,2024-02-07,Poor box energy I sort real lay.
R0058,P0269,C0378,2,2024-01-11,Behind chair yourself deep attorney practice throw yet treat direction research amount cut great.
R0059,P0754,C0652,5,2024-05-19,Strategy friend respond reduce beautiful national need red on at report policy.
R0060,P0153,C0672,5,2024-10-20,Brother well effect owner scientist final worker see fight government production method.
R0061,P0969,C0937,2,2024-12-09,Least necessary begin them expect see course us research wife.
R0062,P0576,C0748,1,2024-06-08,Painting painting to experience customer require him watch activity big.
R0063,P0413,C0966,1,2024-12-17,Often generation mention have mind control yes look agent also.
R0064,P0863,C0989,5,2024-09-27,Window house long administration rather meeting reach one look likely.
R0065,P0048,C0687,2,2024-02-13,Market glass late voice heart her military social among wish hospital.
R0066,P0731,C0488,2,2024-12-20,Develop Mr clearly example begin rise owner energy name yard fish open.
R0067,P0129,C0444,1,2024-03-06,Happen travel lead technology begin above find begin begin.
R0068,P0937,C0619,4,2024-05-02,Determine any early result close audience while sort describe here cultural why.
R0069,P0067,C0686,5,2024-11-26,While understand perform evidence night understand true sense create character television these.
R0070,P0777,C0559,3,2024-10-27,Outside glass read thousand can social happy practice toward per.
R0071,P0249,C0155,3,2024-06-28,Leg fly already middle true sing.
R0072,P0175,C0177,1,2024-01-07,Beyond car high century behavior school surface may notice old position.
R0073,P0794,C0954,5,2024-06-30,Marriage treatment animal option mention suggest this policy anyone bad high herself power.
R0074,P0189,C0820,1,2024-09-24,Late close value of discussion structure activity student you.
R0075,P0993,C0983,4,2024-11-30,South whom chance environmental within pull provide south once friend.
R0076,P0355,C0832,5,2024-06-08,Red second pick study pressure leg everyone.
R0077,P0322,C0165,3,2024-03-26,Consider east food staff discover turn act project.
R0078,P0571,C0094,5,2024-05-19,Nation range chair possible military town general serious write around hit cold finish.
R0079,P0394,C0477,1,2024-07-25,Task upon ball them environmental amount.
R0080,P0165,C0853,5,2024-02-15,Voice nature market current information process choice them offer.
R0081,P0037,C0845,4,2024-08-03,Surface throughout ground health store south blood common.
R0082,P0331,C0999,3,2024-01-31,Finish present across place chance five think.
R0083,P0565,C0469,5,2024-05-28,Medical child spring between push pull.
R0084,P0425,C0805,4,2024-11-21,Full past two season specific difficult type.
R0085,P0090,C0202,4,2024-01-28,Full baby more line floor kind appear.
R0086,P0361,C0915,3,2024-05-19,Health throughout mouth risk hot ten image medical throw this left land course.
R0087,P0166,C0890,2,2024-07-02,Cause simply second above well reveal beyond somebody.
R0088,P0752,C0457,4,2024-10-17,Goal they task since other series.
R0089,P0999,C0859,4,2024-03-27,Listen call international man democratic decide play moment police report religious nor president.
R0090,P0330,C0987,2,2024-07-25,Final choice it forward must see certain thing act back night reach daughter.
R0091,P0823,C0332,1,2024-06-21,Player forward think final always event then effect cell hour all large more.
R0092,P0616,C0235,3,2024-11-10,Enter compare owner vote decision nearly how participant.
R0093,P0831,C0649,1,2024-01-11,By past mention member medical organization guy town major almost hotel usually.
R0094,P0936,C0655,5,2024-04-03,He explain hot somebody drug civil blue specific middle six town fall service.
R0095,P0881,C0638,2,2024-04-08,Maintain personal kitchen more wrong stop score money first value head theory.
R0096,P0813,C0358,1,2024-12-21,Hold next evidence window couple inside.
R0097,P0880,C0155,2,2024-08-08,Remain recognize place letter south sound just mean hope require at.
R0098,P0270,C0984,3,2024-11-10,Military especially miss number time total away six.
R0099,P0948,C0581,1,2024-08-02,Behind standard think cell seem since response low.
R0100,P0947,C0598,2,2024-09-19,Power than develop with anyone within sure southern last in structure management take knowledge.
R0101,P0062,C0443,1,2024-09-10,But call establish another senior game send within inside night organization federal.
R0102,P0152,C0538,3,2024-05-06,Will detail thing anything within fire worker hospital herself support foot gas.
R0103,P0983,C0880,4,2024-09-07,Western population option reflect exactly fine bit hit structure rate nation.
R0104,P0332,C0303,4,2024-01-30,Follow call finally dream doctor over administration southern picture single along improve practice.
R0105,P0237,C0161,2,2024-07-12,Win sell yard look significant knowledge enjoy court truth.
R0106,P0355,C0836,1,2024-04-05,Skin reality place institution group defense stage magazine class.
R0107,P0828,C0523,2,2024-04-07,Anyone question author foot sing after.
R0108,P0170,C0773,5,2024-07-23,Reality such change message shake fall me major attorney travel chair production.
R0109,P0567,C0631,1,2024-01-25,Light everything issue college sometimes campaign wind I man detail hotel.
R0110,P0923,C0204,5,2024-11-30,Purpose need between success senior middle point these far wife month good provide.
R0111,P0947,C0256,2,2024-11-01,Ground foreign real social themselves sea American employee those deal best.
R0112,P0469,C0548,4,2024-05-26,Garden office history white admit off now thousand shake perform when garden song.
R0113,P0707,C0329,4,2024-12-23,Oil whole back material including world building Mr wind lawyer group draw service.
R0114,P0337,C0396,3,2024-04-30,Employee every type phone TV focus must put bar idea table.
R0115,P0214,C0849,4,2024-09-12,Final check act outside later general that.
R0116,P0825,C0544,5,2024-05-22,Important though prove skin eight law make themselves door season.
R0117,P0415,C0727,3,2024-08-20,Sea open politics each offer paper.
R0118,P0061,C0923,4,2024-05-04,Require word phone truth computer exactly describe represent between international enter soldier sure.
R0119,P0207,C0104,2,2024-08-01,People growth firm one couple soldier investment live small since morning him capital skill.
R0120,P0870,C0320,4,2024-10-21,Central when nearly watch traditional task great trial time.
R0121,P0688,C0145,4,2024-10-17,Clear business middle before serious view impact control method another war government.
R0122,P0061,C0511,4,2024-11-20,Few life face whom in camera create natural might issue put raise.
R0123,P0650,C0158,1,2025-01-01,Piece responsibility tough really early agree although have teach professor letter popular also.
R0124,P0227,C0690,3,2024-05-08,Pass coach key others actually late field capital movie.
R0125,P0873,C0734,4,2024-07-15,Feeling always know fight others large until friend movement minute share.
R0126,P0242,C0709,5,2024-12-02,Report blue prevent much their any always job focus price offer best.
R0127,P0701,C0942,1,2024-01-25,Meeting because mother room soldier too.
R0128,P0248,C0275,4,2024-10-13,Soon tend when significant girl do especially true catch research strategy.
R0129,P0302,C0847,1,2024-06-10,Late part major customer street drive picture end knowledge under.
R0130,P0992,C0361,5,2024-12-28,News admit set follow visit though serious stay cup somebody of see get.
R0131,P0267,C0157,2,2024-10-26,In business authority every only tonight list remember yard.
R0132,P0967,C0131,1,2024-11-06,Thing federal join able hotel whole kind player.
R0133,P0151,C0673,3,2024-12-28,Table little it tonight spring recently issue phone myself task sister bad you.
R0134,P0928,C0532,3,2024-12-27,Old general whom movie cell meet kid since.
R0135,P0027,C0214,3,2024-08-11,Behavior after hospital certain wife culture.
R0136,P0562,C0761,5,2024-12-25,Could leave professor cut which several.
R0137,P0120,C0497,5,2024-01-19,Wife else significant exactly according certainly only try.
R0138,P0790,C0789,1,2024-04-01,Exist result suffer score collection PM television security eight begin never but new.
R0139,P0177,C0168,2,2024-04-24,Industry father somebody race never single allow choice read.
R0140,P0356,C0741,3,2024-03-28,Technology whom reflect ok energy they company cut.
R0141,P0347,C0687,5,2024-01-14,Parent effect have hand contain use as wide threat order.
R0142,P0609,C1000,2,2024-08-18,Back boy life eat rate senior western may address theory yes never.
R0143,P0706,C0488,1,2024-07-17,Always serious everyone movement myself student know water myself six.
R0144,P0148,C0950,4,2024-10-05,Must president large along physical better wonder soon organization.
R0145,P0291,C0646,1,2024-10-02,Bar more early spring wife partner play through.
R0146,P0514,C0896,1,2024-05-24,Attack soldier sometimes professor return bring during allow care reduce life.
R0147,P0052,C0376,3,2024-08-10,Effort father almost how return order employee employee trade morning new.
R0148,P0007,C0026,5,2024-04-29,Share PM chair sea summer to space.
R0149,P0453,C0920,3,2024-12-29,Go she see memory none everyone she technology if responsibility admit.
R0150,P0250,C0499,5,2024-06-02,Pass billion enough event organization measure goal leg feel art.
R0151,P0355,C0502,4,2024-05-08,Itself third want main rise risk sound police soon community.
R0152,P0970,C0798,4,2024-03-18,Onto record case station recent far field.
R0153,P0133,C0858,4,2024-08-31,Within debate couple suggest yard become hair more start son send.
R0154,P0888,C0628,2,2024-11-21,Fear someone let skill responsibility produce compare war agreement read prepare affect decade.
R0155,P0747,C0796,3,2024-02-02,Learn power east brother player common must any nature.
R0156,P0394,C0624,3,2024-09-09,Still accept experience mouth model effect long well.
R0157,P0825,C0978,4,2024-08-22,Success despite rest strong choice really cost letter so.
R0158,P0776,C0023,5,2024-12-25,Industry build career growth clear child.
R0159,P0165,C0455,1,2024-08-22,The bed pretty throughout way type southern mother television.
R0160,P0307,C0730,5,2024-05-24,Letter worry under do music realize north today pretty nearly Mr.
R0161,P0926,C0011,2,2024-03-24,Bad year on rock anyone option bag general television reality only environmental stuff.
R0162,P0376,C0212,2,2024-10-27,North affect else quality two worker late especially spring new conference order.
R0163,P0069,C0145,2,2024-06-22,History so up animal seat continue foreign season life religious.
R0164,P0516,C0483,1,2024-10-04,Green imagine nothing himself event top people.
R0165,P0969,C0941,4,2024-10-02,List realize quickly other because music music oil staff.
R0166,P0736,C0305,3,2024-11-09,Least always consider again population soldier walk rock determine throughout behind sign happy.
R0167,P0114,C0388,4,2024-04-11,Finish factor economy friend consumer somebody machine less.
R0168,P0328,C0857,3,2024-05-07,Thousand network half project agree last doctor activity charge look relate.
R0169,P0511,C0043,5,2024-08-21,Accept agency allow coach pass carry sister.
R0170,P0934,C0289,4,2024-10-15,Drug player know care whatever oil sit represent mean positive.
R0171,P0870,C0366,4,2024-10-10,Modern wear act action theory daughter buy what.
R0172,P0906,C0030,1,2024-11-14,Art than up hope simple effort machine painting nor yard others indeed Mr.
R0173,P0095,C0732,1,2024-09-05,Address technology bag wife the several beyond appear resource will box age build.
R0174,P0402,C0688,1,2024-05-29,Drop before act member choose material western from bill herself.
R0175,P0472,C0584,5,2024-02-11,Town assume also quite another really certainly seem chance success hand.
R0176,P0395,C0333,1,2024-08-07,Consider scene result dark most reason month yeah really fund.
R0177,P0573,C0155,4,2024-03-15,This person too simple find success which interview herself.
R0178,P0551,C0780,5,2024-12-23,On month safe on join new me teacher season commercial oil operation performance.
R0179,P0203,C0179,5,2024-11-19,Standard old that option stage develop new myself.
R0180,P0608,C0737,2,2024-12-10,Fine score beautiful all bad go sometimes even concern around them total.
R0181,P0898,C0940,5,2024-06-03,Performance reach into into population hand four really scientist four eye name life.
R0182,P0198,C0656,3,2024-11-06,Thing long note spring answer threat event pay.
R0183,P0550,C0635,3,2025-01-01,Couple address front left away national simple child why make recent.
R0184,P0583,C0935,4,2024-02-23,Stage mention author bad any through need.
R0185,P0036,C0589,2,2024-03-07,White early explain their although society present even usually set network.
R0186,P0753,C0526,3,2024-10-05,Success kid magazine have who opportunity maintain store suffer forget environmental.
R0187,P0131,C0034,5,2024-06-26,Free here security nice always method.
R0188,P0062,C0750,4,2024-03-10,Turn country stay dream recognize operation big either suddenly voice media series.
R0189,P0607,C0704,1,2024-06-04,Thousand design deal level institution appear development treatment.
R0190,P0117,C0856,5,2024-07-20,Example down gas black kid article picture drive appear.
R0191,P0510,C0613,4,2024-03-12,Remember whom effect author many civil analysis less.
R0192,P0141,C0475,2,2024-06-10,Most week mean relationship fear next condition down your strategy recently provide newspaper.
R0193,P0010,C0487,4,2024-07-27,Number skill common agree military cell girl hard professional security husband.
R0194,P0968,C0596,5,2024-09-09,Like yet not sound fire white should thought could.
R0195,P0554,C0080,1,2024-10-09,Heavy scene rest deep rich before though apply join few.
R0196,P0956,C0130,3,2024-02-08,Smile with hotel four just already.
R0197,P0179,C0150,4,2024-09-05,Large good board low near admit suggest step.
R0198,P0692,C0337,3,2024-10-17,Reality quickly campaign economic near while instead they price last law ago.
R0199,P0501,C0933,1,2024-09-02,Low himself management state produce ground western lot wear.
R0200,P0347,C0802,4,2024-05-25,Program baby control decade shoulder believe.
R0201,P0386,C0581,1,2024-06-18,Hospital safe experience tend million outside before.
R0202,P0778,C0561,3,2024-01-22,Big class reason guy pay billion strategy exist.
R0203,P0794,C0047,5,2024-09-13,Bed other machine between Democrat process.
R0204,P0769,C0209,3,2024-10-14,Opportunity people pass more mouth blood response area.
R0205,P0347,C0488,4,2024-04-11,Billion might letter mind buy wait.
R0206,P0051,C0105,4,2024-07-31,Threat small onto my three help.
R0207,P0524,C0484,2,2024-12-25,Property onto site audience five ever easy can them position remember rather.
R0208,P0036,C0924,5,2024-09-15,Anyone produce toward play pressure focus free challenge give include fly according.
R0209,P0610,C1000,3,2024-06-23,Money thing office listen ready later car western develop develop.
R0210,P0175,C0872,5,2024-11-09,Look continue list state join fast father hospital.
R0211,P0717,C0388,1,2024-09-30,Put degree age word write play article public win end.
R0212,P0656,C0397,3,2024-07-19,Financial want building before all away rate.
R0213,P0325,C0404,5,2024-03-09,Fine hotel message sit strong hand once other air.
R0214,P0726,C0606,5,2025-01-05,Share few dream bag fight yard pick.
R0215,P0430,C0558,5,2024-10-10,Reach difference they cover wear loss note put debate subject we night.
R0216,P0659,C0331,3,2024-08-10,Because for protect cup certain career upon civil matter.
R0217,P0171,C0096,5,2024-03-24,Compare perhaps travel candidate positive begin word not green far family build short.
R0218,P0254,C0024,3,2025-01-03,Experience theory decision prevent chair pay actually bar friend art cover form.
R0219,P0614,C0809,3,2024-10-06,Off opportunity maintain answer ground school ten stop draw war suffer top.
R0220,P0894,C0128,1,2024-05-17,Like and station over nearly hotel project health wind body.
R0221,P0963,C0081,3,2024-06-18,Stand why full news stop generation image myself.
R0222,P0025,C0152,5,2024-05-15,Decide direction business feel create realize billion collection.
R0223,P0799,C0391,5,2024-03-13,Author skill perhaps let to serve such lawyer general space worker.
R0224,P0103,C0030,1,2024-04-26,Hear character condition natural event his event direction vote show start baby its.
R0225,P0548,C0272,4,2024-08-21,Candidate pick foreign article test billion cup bar part get tell exactly pattern.
R0226,P0135,C0253,2,2024-04-22,Reason local civil trial husband history approach off factor heavy knowledge specific child.
R0227,P0376,C0365,4,2024-06-01,Than discuss experience eat word send.
R0228,P0862,C0348,1,2024-10-12,Can suddenly reduce major service important use able many cup still second.
R0229,P0981,C0784,3,2024-07-09,Protect billion son full thank state.
R0230,P0146,C0420,5,2024-05-05,Even hard pay expect hour decision size.
R0231,P0424,C0566,1,2024-03-11,Area fine beyond American different bed manage great order beyond.
R0232,P0319,C0749,5,2024-07-02,Inside economy prevent more party establish point.
R0233,P0043,C0704,1,2024-05-20,Figure look coach cup number medical support piece.
R0234,P0772,C0673,2,2024-07-23,Fish fall standard edge paper maybe central.
R0235,P0338,C0289,4,2024-11-13,Audience manage rule need look former arm culture dream.
R0236,P0504,C0445,4,2024-08-14,Explain program collection rise again late lay.
R0237,P0716,C0052,2,2024-10-19,Model win perhaps information probably conference carry life.
R0238,P0402,C0158,5,2024-01-29,Stock scientist morning management course third tell else hair loss cause skin.
R0239,P0958,C0285,4,2024-12-27,Issue concern appear office late time.
R0240,P0817,C0859,4,2024-10-09,Family can sure rate agent president today buy suddenly beat.
R0241,P0966,C0973,3,2024-02-18,Long near number work firm form end right pick fast.
R0242,P0834,C0603,2,2025-01-04,Herself material watch to listen author compare town audience Democrat person home.
R0243,P0374,C0477,5,2024-10-22,Unit economic social contain wife drive blue man fight present learn foreign alone Democrat.
R0244,P0317,C0407,3,2024-08-31,Stuff group pass out blue matter ready white wall energy week.
R0245,P0138,C0366,5,2024-06-22,Program hundred without area off fire window I.
R0246,P0255,C0330,5,2024-04-10,Seek fly and ground perform special either need weight certain bag up.
R0247,P0936,C0588,1,2024-11-05,Sit fact happy public send cover.
R0248,P0026,C0029,5,2024-09-08,Simply probably interview office research nearly production quality entire sit.
R0249,P0381,C0628,2,2024-02-27,Least whole draw always oil recently size hand state also.
R0250,P0331,C0127,2,2024-12-20,Range myself pressure record cold computer account get send kitchen.
R0251,P0603,C0945,2,2024-11-05,Everyone staff onto detail physical paper seem program thus sister can Mrs.
R0252,P0307,C0255,1,2024-07-06,Total realize know style candidate life within rise later.
R0253,P0068,C0306,3,2024-02-12,Film shoulder special system room he.
R0254,P0175,C0164,5,2024-08-06,Couple thank agent good where TV ahead process.
R0255,P0341,C0079,2,2024-12-06,Consider own more summer picture war discussion may fight store economic good.
R0256,P0317,C0424,4,2024-06-26,Check always nature cup score sport be mother language travel.
R0257,P0460,C0531,2,2024-12-31,Rest whatever knowledge represent road war.
R0258,P0526,C0388,5,2024-12-13,Green hundred so ahead race stock question activity offer kind arm seat carry.
R0259,P0103,C0859,5,2024-08-17,Investment word forward easy answer meeting.
R0260,P0728,C0051,1,2024-03-31,The family assume point data case strategy guess catch Democrat more work world.
R0261,P0653,C0206,1,2024-01-07,Serious identify answer interview back young low spring approach why majority fish vote.
R0262,P0647,C0189,4,2024-10-03,Project short design with raise draw approach dream drug say.
R0263,P0495,C0684,1,2024-03-18,Maybe author this way happy major.
R0264,P0142,C0288,3,2024-01-30,Course care key save west do say class several model.
R0265,P0424,C0950,3,2024-07-02,Hot house both audience like both clear quality kid.
R0266,P0671,C0391,4,2024-07-16,Rise four serious artist different air fire goal meet authority campaign detail ground.
R0267,P0646,C0920,4,2024-03-26,Listen me around same not area build management.
R0268,P0181,C0853,3,2024-03-19,Wonder billion both arrive site exactly strong interview rock.
R0269,P0705,C0300,3,2024-01-26,If rich respond direction cut senior hold husband catch bad find audience shake.
R0270,P0791,C0827,4,2024-09-17,Out reason report bag too difference late parent political true worry.
R0271,P0030,C0835,4,2024-11-29,First structure none military yes issue.
R0272,P0096,C0701,5,2024-05-28,Though dark player character teach range candidate once start generation.
R0273,P0181,C0867,1,2024-01-20,Only risk although learn later better view hard game standard.
R0274,P0426,C0904,4,2024-08-29,None value possible which analysis degree visit three provide.
R0275,P0035,C0372,1,2024-09-13,Explain bar like much seat building growth today different economy art.
R0276,P0776,C0197,1,2024-03-07,Way entire early apply out south task each bag head what.
R0277,P0798,C0455,3,2024-05-09,Garden plan lead life result service interview language star machine.
R0278,P0005,C0383,5,2024-11-17,Nor argue forward certainly medical maybe whatever likely deal send.
R0279,P0179,C0396,2,2024-03-31,It bit country network note sign man step.
R0280,P0464,C0329,2,2024-05-29,Near art weight adult manage face behavior light off federal land.
R0281,P0210,C0066,5,2024-10-26,Professional part beyond official face evening other accept decade full deep.
R0282,P0891,C0964,1,2024-05-14,Majority structure on least Mr exactly major read case cut camera career.
R0283,P0696,C0216,3,2024-07-17,Entire cup table experience energy during similar huge college suddenly reduce.
R0284,P0695,C0457,5,2024-07-11,Shake ready hot agency account her behavior baby outside star various blood.
R0285,P0392,C0135,3,2024-11-30,Term great people true notice college task draw recent during animal.
R0286,P0951,C0807,4,2024-09-01,Ten officer lead drive nature hair change end own soon lead though.
R0287,P0099,C0833,1,2024-08-15,Debate natural court fire hit far administration always interview.
R0288,P0148,C0587,2,2024-07-15,Poor bit within pay expect rate data.
R0289,P0462,C0115,3,2024-12-08,Deal next since pattern teach present she ahead herself toward human.
R0290,P0540,C0965,5,2024-03-11,Hotel role team energy trip rise final.
R0291,P0891,C0017,5,2024-11-18,Consider writer international mother own house western property soldier with seek bank full.
R0292,P0525,C0855,1,2024-03-17,Resource team their region national sea dog woman record whose industry.
R0293,P0028,C0579,1,2024-06-22,Successful benefit without boy police newspaper cause themselves carry as.
R0294,P0969,C0378,5,2024-04-15,Social attorney appear beautiful debate take body energy majority.
R0295,P0987,C0672,3,2024-02-13,Book guy big recognize white among number especially several many eight whole.
R0296,P0959,C0858,5,2024-04-12,Both half yeah billion show night go music involve go.
R0297,P0294,C0719,4,2024-03-09,Series include analysis itself future high stuff change ready grow price himself environmental.
R0298,P0199,C0092,2,2024-08-09,Wait cut data knowledge ahead traditional.
R0299,P0807,C0734,2,2024-04-08,Result service series indicate total field clearly goal mouth save bad.
R0300,P0629,C0226,3,2024-09-04,Church gun ready nature deep certain popular various Mrs.
R0301,P0789,C0996,5,2024-09-14,Page should even professional single quite human film.
R0302,P0310,C0726,1,2024-12-03,List for candidate free look college talk cold big class rule.
R0303,P0433,C0190,3,2024-08-01,Choice ability time chair door join.
R0304,P0697,C0752,5,2024-11-16,Machine idea its nature break century price serve stage store student specific.
R0305,P0931,C0742,4,2024-03-26,Religious professional body participant add phone.
R0306,P0279,C0651,1,2024-02-24,Check enough dream such increase player next effect hot bill product marriage everything.
R0307,P0359,C0119,2,2024-02-08,Trial degree seem attention move west moment discussion feel.
R0308,P0519,C0032,3,2024-05-31,Executive ok her assume probably everybody he.
R0309,P0642,C0774,2,2024-10-29,Send citizen once practice others try put key science he box.
R0310,P0051,C0694,1,2024-02-09,Ready reason southern sister forward left risk improve us machine box yard.
R0311,P0897,C0385,2,2024-03-06,Carry allow personal move red degree successful school realize mouth many stand.
R0312,P0102,C0616,4,2024-02-13,Certainly various hotel former project skin stage fast million green phone another growth.
R0313,P0863,C0357,3,2024-01-20,Road since human without top smile teach again.
R0314,P0757,C0749,3,2024-07-07,Third skill return its rather hit make board realize especially address government strong.
R0315,P0095,C0526,5,2024-11-04,Foreign always far public care approach believe show south water best.
R0316,P0004,C0637,1,2024-03-05,Force to throughout majority wear near better push.
R0317,P0647,C0160,4,2024-10-29,Military industry risk well necessary program whose concern bank kid end.
R0318,P0388,C0024,4,2025-01-01,Writer sound gun soldier too sell just result decide it board rise.
R0319,P0266,C0272,4,2024-05-26,Daughter contain enter ground sister happy employee term ground put choice.
R0320,P0222,C0482,2,2024-03-31,Lead task with along out arm real.
R0321,P0622,C0046,4,2024-11-24,Small nothing page discussion study event.
R0322,P0039,C0342,4,2024-07-08,None effect have staff thus list here.
R0323,P0560,C0971,4,2024-05-27,Determine certainly fly decade lose often body.
R0324,P0277,C0764,5,2024-12-04,Tell yard put decade gun hot charge agreement production.
R0325,P0344,C0801,3,2024-07-02,Third finally hope surface sea quickly difference and establish.
R0326,P0792,C0440,4,2024-10-29,Lose capital list section begin eye name various win watch weight.
R0327,P0340,C0089,3,2024-12-08,Free up risk seem performance could kitchen special push important show hope.
R0328,P0035,C0864,5,2024-10-22,Civil teach around improve job society effort everyone room trade big world.
R0329,P0931,C0467,5,2024-05-23,Physical power democratic behind beyond party should bill imagine fear great.
R0330,P0734,C0224,2,2024-10-31,Magazine wind magazine memory pretty reason finally poor fly chair seven point marriage.
R0331,P0474,C0523,4,2024-04-10,Seven society seven individual like require military affect song bank night these.
R0332,P0555,C0934,5,2024-09-04,Chair enough rock newspaper front day serious.
R0333,P0249,C0643,3,2024-05-24,Father what but outside cup staff movement pay through nothing.
R0334,P0305,C0181,3,2024-01-25,Story partner political institution big job to difficult result indicate from recognize region.
R0335,P0833,C0917,1,2024-03-03,By record attention fill investment on base.
R0336,P0270,C0635,2,2024-10-02,Family crime require human quickly specific blood manage.
R0337,P0550,C0011,5,2024-06-15,Speech financial individual bit direction onto expert always might high position box.
R0338,P0195,C0888,2,2024-06-21,Service allow nation candidate team course rule third authority.
R0339,P0897,C0521,1,2024-09-26,Factor executive kid leader military stuff western center factor impact experience attorney.
R0340,P0230,C0247,1,2024-07-17,Experience camera soon figure computer truth dog.
R0341,P0774,C0819,2,2024-10-27,Economic into card piece collection west.
R0342,P0908,C0379,2,2024-03-22,Establish expert next key event hear put.
R0343,P0587,C0127,2,2024-11-09,Condition entire she economic leg cell them mention idea song enter.
R0344,P0854,C0435,2,2024-08-31,Each during nice second direction beat require environmental.
R0345,P0175,C0194,2,2024-10-09,Air why community few what when return blood.
R0346,P0720,C0961,1,2024-08-15,Bring realize move evening tell win military.
R0347,P0405,C0659,4,2024-07-02,Cultural site take with discussion television.
R0348,P0378,C0303,4,2024-01-09,Best them mind scientist beautiful her all tree energy moment reduce prevent.
R0349,P0794,C0068,4,2024-01-29,Certain main beyond set against radio section week cold also.
R0350,P0363,C0066,1,2024-01-30,Best consumer beyond model several maybe young girl.
R0351,P0812,C0629,2,2024-01-09,Wear morning base bank executive blue defense week matter.
R0352,P0986,C0484,3,2024-04-04,Stage guy late culture newspaper professor.
R0353,P0209,C0501,2,2024-03-14,After board give relate analysis force sing.
R0354,P0905,C0300,3,2024-01-09,Discover you manage speech outside there indeed.
R0355,P0174,C0998,3,2024-12-09,Mouth hundred person old list clear writer heart.
R0356,P0301,C0993,3,2024-01-14,Something sound collection everybody budget any school real summer notice be identify only.
R0357,P0159,C0044,1,2024-11-04,Material collection and write how crime front send staff decade result national manager because.
R0358,P0186,C0418,1,2024-01-20,Paper tonight result democratic item report.
R0359,P0060,C0136,4,2024-02-04,Other person participant again when game push walk property.
R0360,P0332,C0833,1,2024-11-20,Kind them according employee us high around job possible new however.
R0361,P0876,C0332,4,2024-12-28,Help everyone citizen alone main involve people positive short away.
R0362,P0662,C0651,3,2024-10-09,Sport writer door mind drive produce prepare situation hold happy fly still.
R0363,P0688,C0391,1,2024-01-27,Clear pattern bag seat beyond statement citizen grow mention better still summer key.
R0364,P0005,C0267,3,2024-11-11,Professor picture actually put far maybe.
R0365,P0224,C0646,2,2024-01-26,Show theory moment anyone thousand social her.
R0366,P0267,C0632,1,2024-08-24,Lay stay total country certainly kid discuss imagine.
R0367,P0752,C0813,2,2024-09-27,Still energy lead commercial simple lay full.
R0368,P0533,C0852,5,2024-08-04,Phone cold out age four everything back site second.
R0369,P0520,C0385,4,2024-09-24,Coach see final try huge executive receive.
R0370,P0312,C0603,2,2024-02-21,Test religious daughter middle who could beyond young old once body fall start.
R0371,P0453,C0416,3,2024-08-07,Difficult service couple first eye technology star figure rule always threat case.
R0372,P0084,C0171,1,2024-03-24,Natural war civil drug recently several majority.
R0373,P0631,C0862,1,2024-10-12,Necessary successful opportunity issue explain option identify loss decide thing hot prevent present.
R0374,P0747,C0089,1,2024-03-31,Although will author senior knowledge relate.
R0375,P0403,C0151,5,2024-10-09,Also kind paper several off mention process actually goal.
R0376,P0589,C0046,1,2024-01-29,Charge prepare heart training international play dinner.
R0377,P0828,C0484,2,2024-06-05,White mother compare add thank get although bank relate break.
R0378,P0178,C0571,3,2024-05-30,Where common road government short at.
R0379,P0708,C0877,4,2024-09-18,Also rock while today leg long exist ever feeling operation court themselves hit.
R0380,P0279,C0651,5,2024-10-19,Marriage create rather source stuff how page process stand.
R0381,P0978,C0183,1,2024-01-26,Check former spend care discover since father attention since government water news paper.
R0382,P0158,C0666,1,2024-11-24,Huge sea head computer these break wish cup democratic everybody practice real east.
R0383,P0039,C0348,1,2024-11-29,Analysis my thus of purpose player adult oil involve hotel by.
R0384,P0186,C0025,2,2024-12-04,Everybody deal project behind glass we serious decision else school away.
R0385,P0878,C0441,1,2024-05-25,Board even down daughter partner remember degree.
R0386,P0479,C0500,3,2024-07-25,Million culture air network interview job attorney woman.
R0387,P0993,C0066,1,2024-12-03,Color music rather first address reflect though her leave.
R0388,P0171,C0767,2,2024-05-20,Low out or lawyer near share offer bring.
R0389,P0548,C0987,1,2024-08-14,Ball glass style hair deep loss together against alone indicate year left lawyer.
R0390,P0093,C0427,1,2024-05-28,Name economic happen employee off center condition.
R0391,P0945,C0807,4,2024-04-13,Know great marriage inside dark class adult quickly stuff science recently yourself affect.
R0392,P0641,C0772,2,2024-03-14,Benefit leg law represent term natural notice various price fact.
R0393,P0412,C0018,5,2024-07-17,Travel word environment time especially safe Democrat pick across just TV.
R0394,P0088,C0530,2,2024-08-06,Quality save suffer much capital music write.
R0395,P0738,C0889,5,2024-10-01,Always course any short save statement suggest consumer worker artist.
R0396,P0373,C0892,4,2024-08-05,Home later man between theory five reach small method environmental style officer.
R0397,P0745,C0077,1,2024-12-25,Develop career mind heavy it no story.
R0398,P0174,C0840,4,2024-12-25,Power woman book interesting ability across send point particularly.
R0399,P0577,C0825,3,2024-02-08,Live pass table away listen expert consider level.
R0400,P0255,C0631,5,2024-03-06,Environment huge task play attorney in gun alone.
R0401,P0624,C0116,1,2024-10-21,Field against paper station nature race court strategy international glass others skill set.
R0402,P0096,C0382,2,2024-08-05,Occur candidate occur debate his already each same.
R0403,P0420,C0201,5,2024-09-01,Reduce each and agree through right her.
R0404,P0747,C0325,2,2024-08-15,Professor cup bring thing crime most yard green.
R0405,P0698,C0077,4,2024-09-11,You American decade best hear visit process stage several site her.
R0406,P0281,C0877,3,2024-05-14,Already someone finish general common list high tax month discover market mind establish.
R0407,P0007,C0031,1,2024-08-02,Design hundred war base member husband rate rock cut.
R0408,P0780,C0710,3,2024-04-18,Off maybe large beautiful executive wide produce street risk majority sit might.
R0409,P0656,C0347,5,2024-10-15,Particularly research reason floor effect rather him light small themselves amount off big.
R0410,P0508,C0869,4,2025-01-03,Out concern whether beyond mean mean more kind language.
R0411,P0241,C0874,3,2024-02-21,Up son table statement trouble knowledge trouble student will past.
R0412,P0999,C0558,3,2024-10-19,Everybody quite door civil possible artist shake.
R0413,P0068,C0403,1,2024-07-05,Continue past institution draw like certain state long our federal wrong here current.
R0414,P0106,C0884,5,2024-02-21,Wide think add share to computer range discover receive environmental allow attention.
R0415,P0929,C0305,1,2024-01-09,Difference international production popular worker institution special computer bar successful.
R0416,P0643,C0412,2,2024-06-22,Identify however yes player official air medical.
R0417,P0482,C0981,5,2024-08-18,Up cultural through mean painting citizen protect paper morning another.
R0418,P0910,C0704,5,2024-04-25,Despite protect stock short kitchen may defense outside apply final ground.
R0419,P0445,C0509,5,2024-01-17,Heart wall direction particularly hold suffer.
R0420,P0774,C0443,4,2024-03-21,Note party apply glass year myself that political newspaper place wide public.
R0421,P0730,C0663,1,2024-03-06,Issue recent scientist human source memory speech news live wonder operation class section.
R0422,P0280,C0555,1,2024-10-10,Certain plan research hand claim him medical onto soldier.
R0423,P0061,C0646,1,2024-01-10,Animal manage although that talk course skill Congress list join level.
R0424,P0914,C0229,1,2024-06-16,Certainly already focus responsibility enjoy understand education force any.
R0425,P0891,C0715,5,2024-09-02,New fish seem window always notice yes blue cover wear turn federal listen.
R0426,P0311,C0210,4,2024-09-18,On near particular similar last debate knowledge something office.
R0427,P0280,C0459,3,2024-01-11,Smile law approach catch red wall usually analysis all medical.
R0428,P0059,C0097,1,2024-03-18,Couple short eat manage rise blue somebody.
R0429,P0304,C0161,1,2024-02-17,Statement land report protect number since red.
R0430,P0981,C0099,2,2024-04-18,Skill win treat night know play interesting trade.
R0431,P0100,C0371,4,2025-01-01,Apply term charge to effect enjoy answer station speech common watch natural.
R0432,P0719,C0684,2,2024-06-15,Minute meet north them current hold natural break.
R0433,P0003,C0050,2,2024-09-04,Six camera beat direction recognize image officer always lose himself beautiful whose.
R0434,P0250,C0925,5,2024-02-21,Carry amount hour data coach decide my.
R0435,P0603,C0254,5,2024-06-15,Amount possible pass card business despite much middle.
R0436,P0702,C0373,4,2024-05-21,Fast choice level stock strong buy away people discuss song put American lawyer.
R0437,P0531,C0634,5,2024-10-19,Represent enough green we ground appear of score.
R0438,P0435,C0324,2,2024-07-23,All teacher window natural official start home strategy along theory raise structure.
R0439,P0913,C0995,4,2024-06-20,According Democrat truth practice management system trial now production war.
R0440,P0445,C0092,3,2024-02-25,Stuff people kitchen international identify east role eat popular ok usually long.
R0441,P0161,C0329,3,2024-02-22,Thank word music this which wide theory can.
R0442,P0570,C0465,1,2024-04-19,Threat record minute myself sister amount policy.
R0443,P0426,C0706,2,2024-08-26,Instead on laugh medical movie relate pass.
R0444,P0968,C0805,2,2024-07-17,Ask force use position son prove ago writer remember.
R0445,P0183,C0755,2,2024-01-06,Leg season situation behind down build manage.
R0446,P0313,C0339,1,2024-06-28,Carry industry like owner add somebody without country story enough relationship.
R0447,P0167,C0110,3,2024-02-18,Yes much PM appear bag nearly always result explain subject.
R0448,P0265,C0485,2,2024-12-31,Civil four fact management why three central five street moment.
R0449,P0907,C0147,3,2024-12-18,Mrs news minute decision property ask.
R0450,P0282,C0694,3,2024-08-23,Possible hold nothing law he will anything create.
R0451,P0704,C0405,1,2024-09-24,Produce race exactly explain pretty stuff million.
R0452,P0255,C0994,4,2024-06-30,North data enter often system watch or nation.
R0453,P0361,C0568,1,2024-12-02,Appear drug decade attack drug ok indeed president.
R0454,P0596,C0456,4,2024-04-24,Arrive visit class song strategy actually ahead tax interview.
R0455,P0263,C0181,3,2024-12-08,Mother agree dark conference push computer charge exist.
R0456,P0637,C0722,5,2024-05-28,Tv way improve writer public tend summer final.
R0457,P0887,C0130,2,2024-12-22,Development contain best whatever specific bill human bag.
R0458,P0197,C0809,2,2024-06-19,Out answer finally lead affect its civil her draw.
R0459,P0659,C0378,3,2024-01-15,It study road assume candidate serious reality sea ball.
R0460,P0073,C0223,4,2024-08-28,Grow something eye total again matter condition the however would current hotel sport.
R0461,P0368,C0801,5,2024-10-10,Bit cost century play summer financial five walk market language cause.
R0462,P0661,C0379,1,2024-09-11,Ball sense poor age important happy general cost wrong minute speech really.
R0463,P0478,C0363,1,2024-02-29,Then lot role or business manager return seven air much thought.
R0464,P0288,C0921,5,2024-02-18,Plan agree high indeed hotel see vote.
R0465,P0104,C0669,5,2024-10-17,Three stop year base total shoulder TV low.
R0466,P0008,C0607,5,2024-12-24,Spend certain base draw imagine contain.
R0467,P0394,C0947,1,2024-08-31,Available could Republican heavy job box stay result.
R0468,P0879,C0811,1,2024-12-14,Behind mouth beyond pull finish point win huge.
R0469,P0306,C0985,1,2024-10-14,Condition behind it own rule heart beautiful final water current candidate western value.
R0470,P0423,C0720,5,2024-04-29,Class network enjoy including author team tell pass.
R0471,P0897,C0926,2,2024-08-10,Natural for step agreement Democrat vote guess physical now head pressure newspaper.
R0472,P0588,C0989,5,2024-07-25,Other child little produce mind material since around center.
R0473,P0243,C0885,4,2024-01-20,Security notice son how play cultural wonder since individual animal.
R0474,P0031,C0254,5,2024-05-10,Project near wife happen support coach debate his attention play.
R0475,P0466,C0584,2,2024-10-05,Season son daughter letter cell hot PM should important well when notice.
R0476,P0680,C0100,3,2024-04-27,Read debate environment under part meeting direction response claim.
R0477,P0300,C0133,2,2024-09-10,Able research statement road involve weight sure local traditional moment thousand.
R0478,P0325,C0451,2,2024-04-29,Economy strategy light discuss provide stuff.
R0479,P0654,C0615,2,2024-05-17,Economy player explain save hit nothing land full agency cell sell top.
R0480,P0183,C0600,3,2024-02-24,Positive thought church effect tell significant likely appear north factor tough blood.
R0481,P0502,C0884,3,2024-09-06,Today past talk food along price expert.
R0482,P0410,C0266,2,2024-08-01,Yeah health rather line tend old society ok.
R0483,P0824,C0639,2,2024-01-09,Start turn forward modern board after see off remember tax require.
R0484,P0852,C0234,1,2024-05-31,Man scene green what she ability.
R0485,P0485,C0962,4,2024-08-23,System drug pretty by newspaper office morning quickly you continue.
R0486,P0528,C0290,5,2024-06-15,Soon individual professional need list large where alone strategy.
R0487,P0600,C0860,2,2024-06-27,Less their environmental not offer push throw.
R0488,P0420,C0224,1,2024-10-17,Everyone two poor argue plant important himself guess pretty result it too.
R0489,P0801,C0059,5,2024-02-09,Drop themselves still goal however watch see those modern out themselves less tonight.
R0490,P0658,C0162,4,2024-07-19,What relationship throw film way step prevent none race personal economy woman.
R0491,P0752,C0091,4,2024-07-03,Child quality service success worry movie meeting in dark.
R0492,P0009,C0117,1,2024-02-17,Two last manager term PM line three.
R0493,P0852,C0361,1,2024-10-24,Them receive pattern usually five run simple about record purpose within.
R0494,P0090,C0310,3,2024-06-14,Management read catch impact remember country speak seven possible story old manage cause.
R0495,P0326,C0590,3,2024-09-21,Like reduce at little scene learn suggest campaign process exactly send summer.
R0496,P0220,C0478,5,2024-01-27,Not peace wish usually loss focus range bring.
R0497,P0803,C0294,5,2024-06-28,Major include room upon although she our word true probably.
R0498,P0644,C0141,4,2024-05-23,Time big push authority feel exist financial top sister now.
R0499,P0362,C0563,5,2024-07-05,Thousand meet bad drop on describe throughout full he clear pull area foreign.
R0500,P0581,C0204,1,2024-07-23,Natural again avoid worry treat central.
R0501,P0387,C0687,3,2024-11-16,Lot move away along and defense change enter strong of.
R0502,P0397,C0980,3,2024-04-23,Nice other consumer arm loss father appear industry born program figure.
R0503,P0550,C0515,5,2024-01-18,Move oil local follow country right organization authority population.
R0504,P0518,C0418,4,2024-02-15,Information how table skill exactly set.
R0505,P0052,C0822,2,2024-10-17,Yes whose nice walk let life policy child serve result business inside member.
R0506,P0570,C0283,3,2024-11-07,While manage think medical professor question crime bill past figure movie miss institution.
R0507,P0994,C0819,1,2024-08-06,Experience one wish movie seven thing challenge.
R0508,P0056,C0575,2,2024-02-25,What appear only crime full environmental even instead less.
R0509,P0470,C0851,1,2024-04-07,Glass follow science fly picture station that property candidate view.
R0510,P0140,C0035,2,2024-01-18,Throw economy both up anything time treat dark final eat final without however.
R0511,P0622,C0424,3,2024-02-28,Treatment much receive true arm war all join either explain environmental.
R0512,P0121,C0160,5,2024-03-30,Condition election vote big risk out like book cold hot although several.
R0513,P0874,C0757,2,2024-04-28,Travel above oil section first let new bring require sure answer late.
R0514,P0117,C0838,3,2024-06-30,Ever attack decide kitchen develop decade.
R0515,P0407,C0973,4,2024-02-08,Live federal north within argue choice top never.
R0516,P0410,C0190,5,2024-02-15,Interest media player include my hold matter each door.
R0517,P0047,C0623,4,2024-03-20,Every nothing you almost allow close soldier peace.
R0518,P0833,C0097,5,2024-06-26,Become I people adult toward different drive whether financial particular cup staff.
R0519,P0371,C0670,4,2024-07-24,Amount firm hear some song chance.
R0520,P0883,C0511,5,2024-10-19,Single during indeed yes from it represent past morning wide should mind amount.
R0521,P0035,C0516,4,2024-11-23,Indeed service Republican example buy condition follow course argue trip know experience.
R0522,P0351,C0971,3,2024-08-19,These someone marriage fine involve power seem.
R0523,P0866,C0661,5,2024-05-20,Agree dog simple mouth drop account rock thousand.
R0524,P0081,C0714,3,2024-04-17,The total note light win interesting per alone.
R0525,P0872,C0698,4,2024-07-31,Argue eight drug who beyond eye popular machine key pretty.
R0526,P0589,C0998,2,2024-07-20,Final participant source better determine western whole field.
R0527,P0452,C0580,2,2024-05-14,Main type their against yet while begin study anything about four.
R0528,P0372,C0714,4,2024-09-15,Eye magazine nation social activity pretty at.
R0529,P0123,C0370,4,2024-12-22,Customer beyond address government indicate recognize network onto either record house least style.
R0530,P0418,C0204,3,2024-07-08,More a situation receive word game political team protect open bad take.
R0531,P0424,C0976,2,2024-10-03,Action value market hand trip same themselves increase care foreign.
R0532,P0155,C0842,4,2024-08-25,Whole job sea new middle election entire apply great appear friend.
R0533,P0451,C0634,4,2024-05-19,Represent nearly fund particularly traditional far several by especially no low.
R0534,P0837,C0578,1,2024-04-04,Though these avoid behavior north direction product dark.
R0535,P0274,C0989,2,2024-08-09,Fine hundred require from better wish mission shoulder draw arm.
R0536,P0421,C0457,3,2024-06-24,Upon old left bed factor trouble difficult similar positive deal main heavy.
R0537,P0503,C0476,2,2024-01-19,Then actually cold fine upon argue hand to western language maintain.
R0538,P0840,C0303,4,2024-09-16,List create specific indeed although reveal have country.
R0539,P0341,C0451,4,2024-04-01,Interest wind player short fight industry all indicate little.
R0540,P0761,C0681,3,2024-10-27,Physical collection contain great election forget pretty here Republican word.
R0541,P0488,C0896,4,2024-11-27,Deal only model usually north pass big past.
R0542,P0130,C0682,3,2024-02-03,Send responsibility do produce number sit measure able sound food research senior.
R0543,P0045,C0340,5,2024-07-26,Business feeling true man return specific know really season unit support southern.
R0544,P0175,C0486,4,2024-05-05,Smile tree to easy affect possible population field way born.
R0545,P0512,C0079,5,2024-11-26,Trouble trade whatever national month indicate already add.
R0546,P0660,C0591,4,2024-09-13,Paper opportunity impact pretty build life single send remain step once.
R0547,P0798,C0740,3,2024-03-10,Sound decision foot family none occur boy serious.
R0548,P0824,C0032,1,2024-09-20,Own billion bit yourself field environment her on technology focus buy.
R0549,P0693,C0662,1,2024-11-23,Act many career game his a energy improve by begin war five.
R0550,P0728,C0163,2,2024-05-18,Mean entire world recognize response mother.
R0551,P0399,C0043,5,2024-01-08,Senior card far full give know memory care natural everything.
R0552,P0187,C0998,1,2024-12-15,Data industry season ahead top concern Mr hard point here director.
R0553,P0006,C0820,2,2024-09-14,Plan several certainly plant stage language first protect ever law.
R0554,P0344,C0358,3,2024-09-02,Fine across attorney likely outside stuff air sit break military about loss.
R0555,P0443,C0908,2,2024-08-15,Daughter feeling rock product will second rise thus send right want mission.
R0556,P0269,C0125,4,2024-10-07,Get body leader professional her real.
R0557,P0322,C0048,1,2024-12-02,Activity reach hold ago attack gas myself back.
R0558,P0467,C0061,5,2024-01-07,Computer gun language brother trial beyond debate majority moment suggest somebody else.
R0559,P0436,C0249,1,2024-04-18,See first nature guess eat house put sell author.
R0560,P0879,C0479,5,2024-01-11,Drop task enough up before occur soldier population exactly perform my number kind.
R0561,P0333,C0977,2,2024-01-16,Stop PM all field arrive Democrat cut one finally born parent ready to.
R0562,P0314,C0687,3,2024-09-28,Claim thought bed begin institution why become wonder.
R0563,P0766,C0242,4,2024-05-20,South agency response high according hour.
R0564,P0286,C0520,1,2024-08-18,Effort laugh include floor me century.
R0565,P0708,C0899,5,2024-10-20,General PM guy type same at generation.
R0566,P0134,C0313,4,2024-09-14,Garden blue image painting always guess like third per while movement shoulder TV.
R0567,P0996,C0416,4,2024-08-10,Society affect particularly message financial west interview PM beat.
R0568,P0626,C0422,5,2024-07-06,Drive heavy into dinner unit society official sell off at modern.
R0569,P0087,C0323,3,2024-07-05,Career here identify according blood responsibility clearly.
R0570,P0411,C0470,3,2024-02-07,Fine provide well hard policy majority nature my off item.
R0571,P0265,C0146,3,2024-05-26,Family audience smile especially message by local house.
R0572,P0355,C0936,4,2024-06-06,Agreement benefit almost maybe officer message.
R0573,P0429,C0112,2,2024-12-22,Rule generation field process nearly rest trip room.
R0574,P0199,C0179,4,2024-07-13,Spring management easy affect majority leader maintain perhaps adult.
R0575,P0072,C0967,1,2024-05-05,Next wind yourself movie similar thus time deal year discussion water.
R0576,P0414,C0632,3,2024-01-26,He someone can choice threat less everything.
R0577,P0231,C0195,5,2024-10-22,Ground result space western keep blue such.
R0578,P0844,C0021,3,2024-11-28,Happy start hear again return sound write natural.
R0579,P0185,C0144,3,2024-07-03,Bar also table PM affect team event assume eat parent model.
R0580,P0745,C0676,4,2024-09-23,Able part Mr cup nor name myself according when base actually.
R0581,P0077,C0095,1,2024-11-25,Child coach choose thought above positive.
R0582,P0940,C0491,4,2024-05-17,Shoulder growth weight manage those chair total decision range thing drive.
R0583,P0278,C0868,2,2025-01-05,Brother apply can meeting late sign think hospital suffer this clearly though air.
R0584,P0002,C0819,4,2024-04-05,Us blood letter cover address might.
R0585,P0939,C0359,2,2025-01-03,Continue white level both project area else already only have chance.
R0586,P0199,C0854,1,2024-04-16,Education resource white finally blood couple.
R0587,P0228,C0355,3,2024-07-29,Control late best per indicate he force.
R0588,P0933,C0080,4,2024-02-14,Push course very every admit successful film head vote must show past large.
R0589,P0516,C0810,4,2024-06-22,Fly close whole recent finally me contain price.
R0590,P0855,C0681,4,2024-07-23,Experience effort total interest summer majority enough argue memory hand phone training agree.
R0591,P0838,C0656,4,2024-01-15,Indicate member standard attorney lot quickly action rest.
R0592,P0591,C0078,5,2024-04-17,Civil rock address this evening government professor from including television young up.
R0593,P0004,C0617,1,2024-07-12,Whatever work their level defense remember our idea energy material.
R0594,P0325,C0180,4,2024-11-23,Keep toward eat deep major success.
R0595,P0613,C0760,4,2024-11-22,Wish behind computer would then style agreement day daughter.
R0596,P0480,C0435,3,2024-09-07,Knowledge consumer state speech especially law.
R0597,P0136,C0180,4,2024-09-20,Prevent draw near employee course than beat oil industry.
R0598,P0540,C0474,1,2024-01-17,If each room meet important sometimes large.
R0599,P0235,C0322,5,2024-01-19,Address PM lawyer site lose create.
R0600,P0687,C0544,2,2024-11-08,People fill score event big box better church organization.
R0601,P0770,C0069,5,2024-07-01,Relate chance meeting other alone star until happen among hold way.
R0602,P0146,C0291,3,2024-02-05,Five after remain week space people especially along book.
R0603,P0193,C0873,3,2024-07-13,Image image strong also sister team American hope whom national night take play.
R0604,P0530,C0596,3,2024-07-14,Short media TV speech manage room nature last beautiful event.
R0605,P0184,C0955,2,2024-08-06,Always instead financial beautiful among race thing look media short.
R0606,P0738,C0252,2,2024-11-23,Investment suggest others join begin piece quickly close human.
R0607,P0580,C0438,3,2024-12-27,Trial win list firm law would fire road others century.
R0608,P0565,C0034,3,2024-09-23,Political American smile audience wide night idea represent mention president foreign account.
R0609,P0957,C0420,2,2024-01-19,Attention create water age first should law natural first.
R0610,P0743,C0570,1,2024-12-16,Girl stop success defense business material upon rest prepare there.
R0611,P0299,C0023,4,2024-12-31,East particular stand security during senior wind network soon.
R0612,P0439,C0383,1,2024-11-30,Actually former water camera federal find question western maybe.
R0613,P0798,C0356,5,2024-05-14,Us it it nice yourself answer wall serve determine opportunity us yourself.
R0614,P0245,C0814,5,2024-10-02,Drug beautiful international bed throughout day understand model second.
R0615,P0722,C0794,5,2024-08-01,Sell character sound game nearly manager benefit so quality.
R0616,P0586,C0131,4,2024-07-25,Amount early make body toward military.
R0617,P0791,C0522,2,2024-08-15,Could yourself I answer along hard.
R0618,P0302,C0631,2,2024-07-01,Least camera husband baby bring agency accept sure parent keep already three.
R0619,P0465,C0609,4,2024-03-05,Business away theory question any know bag organization window law traditional hand.
R0620,P0384,C0891,5,2024-05-03,Single hit believe performance rate spring nice down bring artist rather.
R0621,P0376,C0027,2,2024-04-21,Dream and bill model put own.
R0622,P0413,C0552,1,2024-05-03,International almost case change city fast get radio away.
R0623,P0509,C0484,4,2024-05-30,Office total deal expert pretty series music instead.
R0624,P0701,C0756,4,2024-06-30,Citizen skill machine analysis professional blue moment car price mother that.
R0625,P0450,C0913,5,2024-04-30,Join social one simple yet able pay sit science.
R0626,P0902,C0729,2,2024-09-11,Wall cup certain administration response that century cover wrong decide plan.
R0627,P0082,C0061,3,2024-07-08,Result final adult could with only teach result age serve require everyone world.
R0628,P0589,C0913,1,2024-03-27,Audience relationship point strong set factor but carry.
R0629,P0885,C0880,1,2024-06-14,Full science thus admit contain result east current feel break else.
R0630,P0604,C0394,2,2024-03-22,Rule pay course race politics summer range late only from effect remember here.
R0631,P0165,C0208,2,2024-07-03,Meet perform force born hot quality month space fine study prove.
R0632,P0012,C0008,2,2024-10-03,Together word knowledge degree part trade situation trip east bed PM avoid.
R0633,P0634,C0848,4,2024-04-06,Garden system simple trip economy gas treat.
R0634,P0136,C0954,3,2024-11-12,Figure again box must anyone vote measure it tend bank finish for single.
R0635,P0265,C0757,1,2024-12-13,Key score agree they research wear fill very do list reveal.
R0636,P0765,C0300,5,2025-01-05,Capital kitchen still time wall suddenly apply future.
R0637,P0748,C0726,5,2024-02-07,Part must budget find friend dark significant move remember kitchen letter citizen.
R0638,P0522,C0097,5,2024-04-20,Agreement expert them conference develop break former city.
R0639,P0845,C0854,3,2024-11-09,Chair generation test heavy into chair.
R0640,P0131,C0531,3,2024-09-18,History increase campaign other end house career idea control treat government in lead.
R0641,P0675,C0869,1,2024-03-16,Artist seek another usually consider cost black agency speech design they product.
R0642,P0033,C0130,3,2024-08-11,Parent lead it president view sound dark.
R0643,P0382,C0304,2,2024-03-23,Cup business item Democrat alone us analysis level item.
R0644,P0220,C0190,2,2024-05-04,East difference very thought stage source hotel ago agreement student check keep against.
R0645,P0348,C0468,2,2024-12-06,Especially rather ok brother six room prepare reduce respond international rise.
R0646,P0584,C0311,5,2024-08-20,Can project method everybody expert show against any movement hold over assume American.
R0647,P0118,C0633,2,2024-03-27,View receive place purpose expert beat rule never rate win condition fire.
R0648,P0256,C0188,5,2025-01-01,Democratic should sing number beyond player key provide chance summer control similar sign.
R0649,P0050,C0401,4,2024-07-22,Well reflect beyond financial every middle together more.
R0650,P0469,C0849,3,2024-02-28,Hit series measure close national help institution.
R0651,P0960,C0879,5,2024-11-22,Seat girl arm stuff thus born girl nation away field listen.
R0652,P0496,C0738,3,2024-11-25,End administration inside east realize free account news herself special.
R0653,P0442,C0539,1,2024-09-01,Some spend property party soon here.
R0654,P0679,C0800,5,2024-02-12,Half read performance explain rise unit administration letter forward particular.
R0655,P0736,C0767,2,2024-11-30,Subject sport tell maintain get management poor give.
R0656,P0567,C0417,3,2024-11-09,After argue police final pull relate.
R0657,P0285,C0527,2,2024-04-29,Cup and cell fear sign college still.
R0658,P0823,C0970,5,2024-05-06,Fund call pick while size describe last meet board difference.
R0659,P0303,C0583,4,2024-07-06,Up north body together identify concern.
R0660,P0810,C0282,5,2024-03-13,Television theory president activity produce month respond year dinner above.
R0661,P0185,C0622,2,2024-04-16,Interview base firm play item sit.
R0662,P0143,C0901,3,2024-10-19,Firm himself past employee feeling ahead growth image occur different back ok.
R0663,P0897,C0474,3,2024-04-03,Beautiful firm wait senior property reveal rise federal become heavy.
R0664,P0609,C0402,2,2024-10-03,Voice enter beautiful green identify treat check without short make guess knowledge serious.
R0665,P0366,C0177,4,2024-10-15,Poor much evidence stock during analysis thank father police either.
R0666,P0252,C0786,1,2024-08-27,Camera seek rate then back visit.
R0667,P0691,C0099,2,2024-10-17,Chance unit home owner indicate production foreign.
R0668,P0136,C0764,1,2024-11-28,Fund sea everybody let space fund speak student public thus media staff.
R0669,P0702,C0894,5,2024-09-23,Federal reach if myself candidate responsibility behind rest arrive response doctor newspaper middle.
R0670,P0985,C0474,2,2024-02-13,Hot participant collection produce Mr score somebody decide.
R0671,P0494,C0983,5,2024-10-27,Spring carry similar bad only now both green eat not try lead.
R0672,P0952,C0035,1,2024-04-03,Yourself audience top idea ahead hand structure painting democratic special really.
R0673,P0616,C0800,4,2024-03-15,Develop imagine true because anything course throw pull kind experience.
R0674,P0374,C0619,4,2024-02-13,Indeed allow into instead near too.
R0675,P0965,C0858,3,2024-10-15,Development argue create decision old positive early represent successful protect glass when these.
R0676,P0300,C0886,2,2024-11-13,Model day my particularly current painting role nor statement.
R0677,P0380,C0666,5,2024-12-13,As author since school none me raise trade son.
R0678,P0528,C0856,3,2024-08-14,Wind meeting sea through today along bar way game bit feel.
R0679,P0962,C0885,4,2024-08-17,Medical project last college keep sign black commercial dog outside ready nor.
R0680,P0845,C0995,3,2024-03-07,Find want south skill dark difficult.
R0681,P0865,C0308,1,2024-10-06,Would box high daughter black none effort soldier site seem sit real.
R0682,P0649,C0168,5,2024-09-25,Interview manager prepare laugh yourself fact I station need everybody.
R0683,P0362,C0847,5,2024-08-13,Build others trouble understand until wonder instead rather create hold only.
R0684,P0897,C0916,1,2024-08-14,Politics throughout garden high statement board where movement almost look believe.
R0685,P0513,C0328,2,2024-05-22,Lawyer herself left college week national.
R0686,P0630,C0327,1,2024-02-06,Laugh improve personal owner modern argue.
R0687,P0839,C0574,4,2024-03-09,Rich development team as easy rich call stage cup.
R0688,P0436,C0633,4,2024-10-15,Tough they water clearly rather end strategy easy away president daughter owner.
R0689,P0944,C0204,3,2024-12-09,Represent project dinner blue role cut hot them child data of world.
R0690,P0869,C0329,3,2024-02-11,Central occur spend wrong dinner upon base also chair begin professional career region.
R0691,P0743,C0978,1,2024-05-30,Assume hotel foot might study item author.
R0692,P0550,C0996,1,2024-03-06,Less staff relate likely us eight full list.
R0693,P0539,C0075,1,2024-07-07,West away wall sport hold assume purpose according any.
R0694,P0373,C0704,3,2024-04-12,Sure fine avoid often especially then girl film and father trial resource.
R0695,P0835,C0703,3,2024-03-15,Fine should guess such all less guess view increase.
R0696,P0985,C0734,3,2024-10-25,Woman investment else rich move prove.
R0697,P0848,C0547,2,2024-08-09,Mr wait system might behind today or specific figure entire product board account.
R0698,P0408,C0956,2,2024-01-24,How fill big choose teacher sea.
R0699,P0460,C0265,2,2024-11-04,Condition drop election spring perform pull notice air almost produce.
R0700,P0258,C0413,4,2024-05-03,Everybody recent common degree style or past rest until near provide order.
R0701,P0549,C0356,4,2024-07-21,Party middle once prepare man organization.
R0702,P0051,C0965,4,2024-11-27,Challenge range wife account base world happen case because father thousand.
R0703,P0926,C0010,5,2024-12-03,Also natural respond against suffer bad simply parent item.
R0704,P0386,C0641,5,2024-12-20,Seek light manager without food set require some piece finish to.
R0705,P0709,C0787,3,2024-08-06,Hundred risk evening piece strategy teach.
R0706,P0589,C0147,4,2024-06-24,Course there lawyer these picture so form pretty pull leave.
R0707,P0935,C0184,4,2024-07-13,Little young western spring manage full color.
R0708,P0024,C0900,1,2024-11-23,Employee other yet mean sell side let through manage.
R0709,P0063,C0696,4,2024-10-18,Doctor compare common policy hotel team notice along.
R0710,P0015,C0904,1,2024-02-02,After work someone pay book commercial per draw.
R0711,P0503,C0077,3,2024-08-29,Traditional attention describe believe which popular claim enter know avoid.
R0712,P0147,C0474,1,2024-03-08,Rise condition serve son easy often operation life culture born leg another this.
R0713,P0174,C0618,4,2024-09-21,Clearly a drop perform direction course.
R0714,P0353,C0594,2,2024-06-15,Process break citizen work increase everybody news line ability simply ground daughter.
R0715,P0242,C0630,1,2024-10-17,South real including strong government source expert service manager who.
R0716,P0279,C0196,5,2024-04-29,Get nothing others statement tend approach image contain.
R0717,P0942,C0338,4,2024-08-29,Determine hotel describe across each north support others positive nearly difference.
R0718,P0591,C0972,3,2024-10-09,Miss show decade person could that main military accept remain still television mother.
R0719,P0740,C0571,2,2024-12-12,To pull clear night loss recognize contain live carry role out hour represent.
R0720,P0442,C0224,1,2024-08-27,Whether mean decide site already skin improve.
R0721,P0308,C0005,4,2024-02-18,Yourself affect we apply conference within financial piece candidate popular other.
R0722,P0206,C0515,2,2024-09-28,Large sure when window eye crime.
R0723,P0099,C0232,5,2024-08-31,Measure election dinner world region charge manage series.
R0724,P0048,C0314,2,2024-04-02,Oil consumer center tax among great bank too window.
R0725,P0063,C0162,1,2024-11-21,Natural participant machine record early once oil huge newspaper hope she.
R0726,P0309,C0643,3,2024-05-06,True research movement scientist market dream ask eat read war voice find.
R0727,P0234,C0313,2,2024-10-10,Be sport measure card music south family growth imagine him election.
R0728,P0091,C0419,5,2024-04-20,Leg kid a shoulder ball on bring produce me.
R0729,P0713,C0868,1,2024-03-15,Born easy us order safe treatment maintain leader.
R0730,P0950,C0426,5,2024-05-14,Across door morning run short easy everyone ahead financial image fight theory become.
R0731,P0763,C0809,3,2024-01-08,Development million buy clear talk last direction including team sell.
R0732,P0964,C0634,2,2024-03-06,President green small let cup maintain success marriage full still difficult pressure.
R0733,P0529,C0508,3,2024-11-14,Degree media she cup try community these bring.
R0734,P0510,C0005,2,2024-04-05,Father conference candidate write lay key ten according.
R0735,P0224,C0409,3,2025-01-03,Radio until ok north development challenge type student.
R0736,P0246,C0119,2,2024-06-09,Coach they member write thing hour audience identify line increase.
R0737,P0653,C0268,1,2024-05-07,Process nature red under conference policy picture.
R0738,P0301,C0779,4,2024-11-26,Point floor financial his assume glass small fact can of act career.
R0739,P0696,C0001,5,2024-11-29,Plan stage others because artist reality increase onto.
R0740,P0972,C0570,2,2024-06-22,Whom value nothing own evidence last word country.
R0741,P0281,C0242,3,2024-05-30,Forward develop animal out book common close her.
R0742,P0859,C0716,3,2024-03-29,Serious no carry Democrat company from capital director charge piece president.
R0743,P0120,C0950,2,2024-10-17,Which magazine understand so you add away employee.
R0744,P0138,C0404,3,2024-09-20,While sort among quite against maintain power hundred purpose person town.
R0745,P0156,C0889,1,2024-09-27,Many return energy outside stay course green actually agency.
R0746,P0071,C0542,5,2024-06-19,Although ok run right common forward bit he others into.
R0747,P0076,C0977,5,2024-01-15,Indicate chair career challenge prove choose natural house different growth painting view former.
R0748,P0364,C0966,2,2024-12-05,Although base yard point degree understand include pressure play.
R0749,P0205,C0570,1,2024-06-19,Strong again imagine today under specific land.
R0750,P0507,C0699,2,2024-05-05,Certainly technology capital bar good similar campaign your deal make attention investment after.
R0751,P0727,C0707,5,2024-03-24,Likely much market might word baby skin prove.
R0752,P0667,C0726,3,2024-03-08,News herself drop approach under market toward.
R0753,P0309,C0210,3,2024-07-18,Remember she crime spring moment mother various.
R0754,P0596,C0675,3,2024-01-07,Author power election certain recently tonight key ahead set.
R0755,P0737,C0812,1,2024-09-25,Need star mouth which year hear spring model environmental line outside democratic mention.
R0756,P0288,C0534,5,2024-07-08,Though brother see stand owner class message.
R0757,P0494,C0790,5,2024-05-08,Role career despite small understand fund education say war.
R0758,P0533,C0024,2,2024-08-23,Fear pass her central let raise operation.
R0759,P0682,C0537,5,2024-02-15,Evening southern pick late low market.
R0760,P0312,C0779,2,2024-10-28,Keep music easy apply step go factor send another available.
R0761,P0518,C0875,1,2024-06-28,Better policy anyone civil low stage forget bring different should task.
R0762,P0683,C0112,4,2024-06-20,Break law house forward artist report size research imagine standard physical trouble year.
R0763,P0936,C0557,2,2024-11-29,Paper write husband model recent nation painting only cell piece town need.
R0764,P0356,C0835,5,2024-11-08,Development near point water military bar whether dream become sea election similar carry.
R0765,P0617,C0129,4,2024-07-07,Year live certain always today alone economy hair good present available item.
R0766,P0290,C0638,2,2024-03-13,Painting cell north card vote within interview town want simply reason perhaps.
R0767,P0827,C0879,4,2024-07-27,Wrong machine avoid chair blood position president at human.
R0768,P0883,C0409,3,2024-02-29,Quickly beautiful art pretty star window oil read general impact air.
R0769,P0118,C0660,5,2024-02-01,Environment minute factor house adult instead design end.
R0770,P0292,C0985,4,2024-02-17,Customer five whether pretty information doctor meeting option on wear ground risk.
R0771,P0129,C0595,2,2024-02-02,Bad back hear your whole pull must.
R0772,P0127,C0608,2,2024-06-02,Field require type five across international plant yes policy now pass.
R0773,P0322,C0554,1,2024-08-30,His high she produce want room yet determine response music though before he.
R0774,P0897,C0186,4,2024-01-25,Under every else them majority story.
R0775,P0520,C0437,3,2024-02-12,Benefit policy cover soldier than involve until office guy.
R0776,P0994,C0051,3,2024-02-04,North avoid investment reach law sister house last thousand act environment these situation chance.
R0777,P0732,C0321,2,2024-04-25,Surface pressure big realize key political heavy be mention father hold he three.
R0778,P0807,C0050,1,2024-07-26,Use customer religious take current car upon organization edge record explain people.
R0779,P0432,C0038,4,2024-04-05,Management where thank choice significant beautiful course speak produce task.
R0780,P0582,C0514,1,2024-04-26,Last itself care morning the both trip how nation natural enter.
R0781,P0500,C0235,5,2024-11-24,Outside create instead its dog feel worker size member degree find ten.
R0782,P0991,C0913,5,2024-03-02,Step make everybody eight kind here.
R0783,P0362,C0615,4,2024-07-12,First war blue hour best rule administration country administration summer.
R0784,P0136,C0077,2,2024-03-27,Nothing least involve fill data story standard become manager provide again help decide.
R0785,P0283,C0553,2,2024-05-10,Appear customer success size buy third.
R0786,P0509,C0425,5,2024-01-23,Follow chair exactly actually continue attack theory car rich push decide analysis.
R0787,P0254,C0752,3,2024-12-18,Safe area current woman safe available.
R0788,P0613,C0143,5,2024-09-25,Discuss not car need sound Congress share general best laugh.
R0789,P0689,C0543,5,2024-10-22,Every brother into level right public church opportunity.
R0790,P0274,C0365,5,2024-02-19,Factor enter customer onto produce strong such near.
R0791,P0226,C0613,4,2024-02-08,Outside join thank remember live by.
R0792,P0213,C0224,3,2024-06-30,Reflect level enter visit smile form strong pull administration town when.
R0793,P0523,C0185,3,2024-02-14,Put reason local school line back need seat nearly door memory.
R0794,P0417,C0519,4,2024-08-10,Glass rich tonight summer test stay training model practice.
R0795,P0616,C0514,3,2024-08-10,Sure street art modern prevent shake call none guy member some safe.
R0796,P0504,C0210,2,2024-07-24,Second practice natural father north way.
R0797,P0718,C0635,3,2024-10-10,Item lose maintain defense seek door green reach defense know finish reality instead.
R0798,P0347,C0295,3,2024-06-24,Real agreement discussion state I how dinner across worry leave study start.
R0799,P0685,C0758,1,2024-05-01,Style doctor budget since always me order.
R0800,P0344,C0137,2,2024-06-08,American sing office what foot magazine certainly law change none consumer free.
R0801,P0477,C0585,4,2024-06-06,Situation daughter follow toward result arrive now level public beautiful allow.
R0802,P0665,C0110,2,2024-05-13,Enjoy region several put only information.
R0803,P0311,C0506,2,2024-02-22,Suggest beat he vote thought activity result.
R0804,P0153,C0453,2,2024-10-18,Meet agree mention bag talk kitchen include one situation paper rock audience it.
R0805,P0479,C0253,2,2024-02-06,Only experience nor military recent listen reason human.
R0806,P0507,C0086,5,2024-08-14,Toward relate debate model American analysis.
R0807,P0206,C0440,4,2024-01-31,Smile interest top road add now agree hard born offer fund tough line.
R0808,P0345,C0925,5,2024-03-04,Sure indeed fund send city degree push.
R0809,P0989,C0841,5,2024-07-10,Theory because TV Congress design move show police.
R0810,P0309,C0838,2,2024-04-25,Would describe resource stuff space option.
R0811,P0898,C0017,4,2024-11-04,Four specific little safe name question from such role watch.
R0812,P0919,C0090,3,2024-06-05,Yet change determine management determine outside poor threat anything small him.
R0813,P0807,C0663,4,2024-04-07,Create education series here rate apply former them very blue movement clearly.
R0814,P0943,C0027,5,2024-12-02,Social type owner ever low across entire real.
R0815,P0525,C0441,5,2024-12-03,Hard be image plant detail may choose crime key later save couple list.
R0816,P0753,C0126,1,2024-12-01,Wait Congress generation job create we base ready assume management store.
R0817,P0167,C0114,3,2024-08-08,Outside voice able spend window site professor event senior listen focus.
R0818,P0119,C0829,2,2024-01-31,Too buy direction sense exist everything fish.
R0819,P0808,C0724,5,2024-06-19,Painting make daughter so draw serve.
R0820,P0507,C0470,5,2024-04-26,Particularly area property far up past talk you environmental time kitchen.
R0821,P0033,C0605,3,2024-08-26,Here civil both win alone short difficult approach trial account.
R0822,P0102,C0396,4,2024-01-27,Sound population bit piece require early body too management themselves.
R0823,P0494,C0246,3,2024-06-09,Woman sound because economy allow tough meeting Republican.
R0824,P0301,C0534,4,2024-04-28,During federal at note check table.
R0825,P0192,C0192,5,2024-10-30,Choice recent to visit seek board indeed director only catch attention.
R0826,P0576,C0386,5,2024-09-01,Research organization main manager tax personal.
R0827,P0719,C0175,1,2024-01-09,Price team seek myself almost dark poor board often film structure area field.
R0828,P0274,C0444,2,2024-09-08,Child employee design hear south travel machine part.
R0829,P0894,C0869,3,2024-12-03,Field cost future heavy find term protect thing know almost.
R0830,P0266,C0852,5,2024-08-01,Size star off author mouth box score movement either.
R0831,P0946,C0626,3,2024-11-14,Yeah only drop theory test learn future ground miss draw sing both red.
R0832,P0819,C0009,2,2024-02-24,Many reason indicate six bed student reason four street bring.
R0833,P0954,C0290,3,2024-08-21,Research look painting hospital hard sense.
R0834,P0539,C0304,4,2024-03-23,Sound fact ago subject economic account seem total.
R0835,P0670,C0413,4,2024-02-25,Unit history use claim if ok charge represent sea whole.
R0836,P0407,C0229,5,2024-07-22,Major town ten organization whole why service popular consider about.
R0837,P0445,C0023,3,2024-05-01,Voice new pattern not size indeed life five church attention.
R0838,P0407,C0027,2,2024-04-17,Body collection sing or certainly during he.
R0839,P0464,C0613,5,2024-09-09,Image bill get dream country minute water happy view good town sign.
R0840,P0405,C0079,5,2024-12-21,Through cover community hear kid method these field building.
R0841,P0943,C0197,4,2024-03-01,Man shoulder would discuss room make radio.
R0842,P0532,C0977,3,2024-03-18,Those happy sing position girl way cold identify point recently always until.
R0843,P0347,C0041,2,2024-06-18,Early positive career foreign red worry professional their lot create sea term body.
R0844,P0357,C0323,2,2024-12-16,System kitchen drug campaign others speak strategy here join.
R0845,P0891,C0760,3,2024-09-02,According foreign none add occur tree become.
R0846,P0408,C0074,3,2024-03-31,Fill consider size run list whether red enjoy part face type.
R0847,P0602,C0736,4,2024-09-14,Stay system war left include level budget law beat statement choose believe could.
R0848,P0680,C0162,1,2024-03-01,Leader bad yet traditional couple foreign most.
R0849,P0368,C0732,2,2024-08-03,Career near series set offer claim natural choice crime girl message real.
R0850,P0559,C0310,5,2024-05-19,Cost commercial budget under together edge front challenge scientist truth.
R0851,P0081,C0350,5,2024-04-17,Maybe condition miss include up company buy economy.
R0852,P0069,C0533,3,2024-05-14,Capital I every board trial military nature possible necessary force break ever.
R0853,P0966,C0591,2,2024-12-19,Know than determine difficult day believe.
R0854,P0023,C0925,2,2024-08-20,Capital enter card about their development reflect animal participant get not source goal left.
R0855,P0680,C0228,3,2024-11-08,Can control without line TV capital represent drop happy.
R0856,P0154,C0664,3,2024-01-22,Any I almost president run lead significant PM true into.
R0857,P0772,C0540,3,2024-08-04,Crime offer again benefit PM open pay serve.
R0858,P0315,C0281,1,2024-06-29,Enjoy military seven away everybody structure possible word let decade draw million information.
R0859,P0399,C0717,1,2024-12-04,Thing protect effort and from step hospital pattern within.
R0860,P0089,C0473,5,2024-09-28,Light national include eat nearly magazine though might sport color check.
R0861,P0321,C0115,4,2024-06-19,Black might degree accept send matter wrong bar industry speak more the trouble.
R0862,P0293,C0082,5,2024-01-14,Home north huge now financial discover.
R0863,P0123,C0988,3,2024-04-11,Physical wall long soldier discover TV describe recently family.
R0864,P0113,C0644,2,2024-05-08,Who through market say understand bad power near million end develop beautiful.
R0865,P0120,C0417,5,2024-10-17,Film produce ball catch up western right theory.
R0866,P0791,C0941,1,2024-11-20,Environment avoid note describe response her too.
R0867,P0008,C0852,3,2024-02-18,Wide lead not hear your manager action listen money wait resource run sister.
R0868,P0463,C0749,4,2024-02-05,Majority involve enough question street throw much possible mind.
R0869,P0029,C0555,4,2024-09-19,Second might low issue let ask.
R0870,P0038,C0695,1,2024-03-04,Theory sister friend sister treatment all party blue.
R0871,P0692,C0839,5,2024-06-23,Author common area agree person south.
R0872,P0433,C0571,1,2024-05-19,Though TV reflect hour away check finally ever time work Mrs music school.
R0873,P0642,C0099,5,2024-03-31,They energy business culture world material imagine.
R0874,P0946,C0478,5,2024-07-19,Soldier lot mind travel candidate current image politics ok our card.
R0875,P0420,C0186,1,2024-09-11,Sure information baby prevent lot full safe degree school most ready need.
R0876,P0913,C0147,1,2024-12-18,Often fall also store hundred hope sort without almost hand send politics.
R0877,P0838,C0631,5,2024-08-25,Bank laugh establish thank century practice out to heart picture budget.
R0878,P0607,C0567,4,2024-05-22,Kitchen whom personal foreign natural billion door owner we avoid building.
R0879,P0861,C0845,1,2024-09-02,Wall employee form information just loss likely face live ever woman whatever discussion.
R0880,P1000,C0686,3,2024-07-22,Pay against guess trade low red.
R0881,P0331,C0871,1,2024-01-31,Identify after any several difficult than attention.
R0882,P0498,C0991,5,2024-02-22,Year likely finally charge page while.
R0883,P0170,C0427,2,2024-03-21,Activity own sit per future mouth American support take various opportunity evidence stay.
R0884,P0764,C0292,1,2024-07-28,Body such each billion road cost travel energy Congress discuss great.
R0885,P0278,C0164,5,2024-09-22,Recognize end enjoy key realize successful product while beautiful whatever white war.
R0886,P0900,C0612,5,2024-01-24,Commercial fact half old view ground here owner well fall trial performance organization.
R0887,P0046,C0407,1,2024-06-30,Show national senior painting note town season your trial born discuss fight sense.
R0888,P0371,C0739,3,2024-10-27,Officer action people laugh structure you.
R0889,P0491,C0081,1,2024-09-24,Quickly tough effect poor notice beat woman within pay southern although situation partner.
R0890,P0196,C0674,3,2024-07-22,Control grow trial while team across far hospital total lead bring.
R0891,P0991,C0019,2,2024-08-17,Box couple thank speak church him.
R0892,P0083,C0245,2,2024-08-02,Game than tree town else yourself.
R0893,P0856,C0409,1,2024-04-18,Would chair cultural report great no serious face.
R0894,P0716,C0815,2,2024-10-13,Test worker worry school allow final many final total truth attack.
R0895,P0580,C0960,2,2024-01-11,Turn ground painting Mr lose brother.
R0896,P0753,C0787,5,2024-11-18,Edge number imagine light quality cell suffer on interesting book near hold.
R0897,P0634,C0785,4,2024-02-16,Approach second test modern at week loss social fill push skin.
R0898,P0519,C0244,4,2024-07-31,Difference because building subject cup number low your effect fly career able field they.
R0899,P0347,C0784,5,2024-12-23,Why strong light society heavy account individual.
R0900,P0554,C0813,5,2024-08-20,Walk western movie heart keep management plan information radio couple treat religious.
R0901,P0809,C0116,3,2024-05-13,Third analysis and see find plan production.
R0902,P0736,C0066,4,2024-11-30,Staff hundred people so must commercial finish benefit region machine.
R0903,P0436,C0296,2,2024-04-23,However all before role your the recently image push.
R0904,P0821,C0825,2,2024-10-19,On list remain around eye friend between five fund table former.
R0905,P0420,C0363,5,2024-10-19,Return western father capital kid site do.
R0906,P0741,C0502,1,2024-11-06,Popular data candidate right huge customer should send could your white.
R0907,P0505,C0589,3,2024-07-21,Drive somebody hold style floor shake bar.
R0908,P0282,C0454,1,2024-04-12,Sort author fly yourself property public local three Congress police try cut plan.
R0909,P0053,C0251,4,2024-01-19,Fight card turn first subject stuff.
R0910,P0864,C0517,3,2024-12-05,Section anyone give large need nation up our point best.
R0911,P0594,C0266,3,2024-09-11,Nation agent account marriage old course whatever.
R0912,P0401,C0399,1,2024-06-28,Others feeling require simply wide though less north return him can across.
R0913,P0098,C0781,5,2024-12-21,Like energy maybe game plan grow.
R0914,P0975,C0931,1,2024-02-01,Box reflect what each prove growth.
R0915,P0032,C0325,2,2024-03-29,Forward give time strategy foot must carry add who.
R0916,P0053,C0096,1,2024-02-26,Participant guy money head stock case medical kid clearly letter machine.
R0917,P0617,C0096,4,2024-11-24,You remember assume approach become Republican scene.
R0918,P0943,C0843,5,2024-05-27,Prevent today people beat structure state movement.
R0919,P0047,C0869,3,2024-12-27,Phone everybody wind worker since way evening eat.
R0920,P0299,C0189,1,2024-04-04,Pull total move view bed way child environment top wind bit peace.
R0921,P0432,C0512,4,2024-12-26,Her TV sit weight third seem.
R0922,P0429,C0417,1,2024-01-12,Produce take address expect recently fact trial imagine degree but work next administration.
R0923,P0648,C0936,4,2024-02-09,Yourself style decision none daughter film.
R0924,P0301,C0450,2,2024-09-12,Computer respond front record into only particular name Republican local identify raise cell.
R0925,P0502,C0446,3,2024-04-13,Once radio far tend management ability such capital bring.
R0926,P0416,C0813,2,2024-08-13,Be read late stop law home each industry either fish ask experience pattern.
R0927,P0846,C0150,4,2024-06-14,Right wait able high rise ten power hair.
R0928,P0432,C0336,1,2024-10-11,Little would dog market of memory west difference fight.
R0929,P0730,C0200,1,2024-07-19,Usually find since probably while final area news.
R0930,P0587,C0148,4,2024-03-06,Half page responsibility cause air great.
R0931,P0788,C0976,3,2024-02-28,Believe land career production step build president laugh end through.
R0932,P0019,C0266,5,2024-01-19,Goal fine science place only beautiful economy challenge trip happen particular way real.
R0933,P0642,C0422,3,2024-02-07,Story across movie conference Mrs stay also develop oil Mrs wide.
R0934,P0168,C0942,4,2024-04-17,Program marriage hot give head also.
R0935,P0403,C0152,1,2024-04-15,Executive deep continue skill policy go.
R0936,P0706,C0249,4,2024-05-07,Ten rest position street alone professional model chair wall.
R0937,P0299,C0925,1,2024-11-21,Discussion buy student tough commercial week quite.
R0938,P0141,C0270,2,2024-06-04,Consider three citizen put change hand great song similar recently within arrive.
R0939,P0696,C0357,4,2024-09-12,Color movement customer draw animal effect available today by top list.
R0940,P0359,C0825,5,2024-09-30,Rock safe public whole music marriage service nice something.
R0941,P0186,C0105,4,2024-08-31,Entire him rich quickly particularly too door available discussion fire foot country point.
R0942,P0625,C0650,2,2024-12-19,Somebody operation far indeed charge window.
R0943,P0024,C0156,5,2024-01-31,By one once meet cut table.
R0944,P0778,C0363,2,2024-01-26,Stuff force just seem up three available PM.
R0945,P0847,C0737,1,2024-11-14,After last central though walk drop everybody then enough speak unit security.
R0946,P0744,C0644,4,2024-04-19,Follow least prevent task us such will million power little wife positive either.
R0947,P0735,C0921,5,2024-11-02,Wind billion along democratic camera under.
R0948,P0460,C0503,1,2024-01-30,Dream treatment value what yard first current.
R0949,P0195,C0722,4,2024-12-27,Music early tend much sort example agree call career include.
R0950,P0774,C0404,4,2024-06-12,Nearly develop create country seek live produce note heavy of add.
R0951,P0663,C0544,2,2024-03-11,Unit anyone sense interest how police knowledge mention institution anything capital fast.
R0952,P0860,C0900,3,2024-03-19,View tree drug account American because blue hotel list perhaps go paper.
R0953,P0208,C0670,4,2024-05-14,Avoid increase and success live trouble believe.
R0954,P0530,C0619,2,2024-05-24,Real talk shoulder western pattern total.
R0955,P0078,C0641,4,2024-10-03,Accept major recently west doctor pretty choose field daughter near yeah.
R0956,P0835,C0401,5,2024-12-21,Try understand movement add others box memory down hotel.
R0957,P0751,C0942,4,2024-02-28,Maybe determine itself natural provide success carry.
R0958,P0563,C0541,5,2024-06-29,Teacher usually discover large statement either the former federal court sea provide food.
R0959,P0505,C0918,5,2024-10-29,For protect a raise sign movie card necessary project support event.
R0960,P0611,C0596,1,2024-07-09,Tv director save customer road house catch camera.
R0961,P0312,C0510,4,2024-06-09,Past street wind again interview visit pass less feeling guy customer.
R0962,P0568,C0747,2,2025-01-03,Agree list activity force people people.
R0963,P0060,C0344,4,2024-08-16,Possible look school social week yard picture half.
R0964,P0994,C0348,2,2024-07-27,Face culture or indicate professor when hundred authority five.
R0965,P0070,C0518,5,2024-09-30,Entire seat begin bed summer cover.
R0966,P0761,C0748,1,2024-05-21,Where full simply experience address everyone not and leave instead worry officer.
R0967,P0649,C0772,2,2024-11-04,Audience within water man decision that blue artist wait.
R0968,P0803,C0734,1,2024-07-17,Get notice day per as hear.
R0969,P0455,C0737,5,2024-08-07,Level set then this have career different side religious whom community professor now.
R0970,P0115,C0884,1,2024-10-25,Resource free arm former receive question word environment yourself.
R0971,P0233,C0159,2,2024-03-15,Senior better where president sea this leg inside stand series through cup simple produce.
R0972,P0281,C0368,5,2024-08-11,Rock community consumer would or thousand involve development treat soldier myself conference.
R0973,P0835,C0334,1,2024-09-21,Ball town material down development yes indicate case care.
R0974,P0250,C0147,2,2024-06-11,Life dark news growth cell former how blood.
R0975,P0954,C0670,3,2024-12-15,Tend player able spend eight another.
R0976,P0006,C0770,1,2024-04-16,Majority me dinner least voice watch suggest network glass skin rest area.
R0977,P0384,C0328,3,2024-08-06,Which matter authority forget simple this purpose.
R0978,P0553,C0295,1,2024-02-20,Current practice investment although us however pay play yard smile manager guy.
R0979,P0348,C0726,3,2024-06-14,Red expert outside employee carry on.
R0980,P0499,C0847,2,2024-12-27,Major recent the just determine opportunity.
R0981,P0973,C0741,4,2024-05-09,Per poor blue support join stage economy under determine can eight culture garden.
R0982,P0806,C0775,5,2024-01-27,Everyone series ever man smile none seek sing pick yard.
R0983,P0433,C0009,2,2024-01-21,Line capital maybe lay dinner drug unit.
R0984,P0436,C0866,2,2024-04-08,None industry hair each firm officer thus seat wear international very her.
R0985,P0476,C0034,3,2024-10-30,Street spend nor produce drug very join song.
R0986,P0241,C0591,2,2024-12-09,Eat section sort score eye serve sing education simply.
R0987,P0184,C0291,3,2024-03-21,Dark professor develop worry affect responsibility fast exist west finally ago doctor.
R0988,P0714,C0764,5,2024-04-13,Start always difficult energy radio read star big dog truth.
R0989,P0446,C0142,1,2024-03-12,None early major million decision describe forward eye girl.
R0990,P0569,C0804,4,2024-01-06,Remember Mr most cut once president manage similar expert health but at.
R0991,P0433,C0394,5,2024-04-30,Account toward buy in similar shake television record recently model how.
R0992,P0987,C0708,4,2024-03-08,Republican put stuff wall bar heavy he.
R0993,P0283,C0991,5,2024-07-01,Design already TV spend listen but possible eat everyone recently yeah me.
R0994,P0106,C0866,3,2024-02-10,Stay these although side these deep city loss heart.
R0995,P0445,C0885,5,2024-01-12,Collection approach attack perform explain let present better discuss word for city.
R0996,P0574,C0497,1,2024-10-12,Apply and today right offer left character.
R0997,P0502,C0421,4,2024-07-29,Our where season administration response land may certainly per item.
R0998,P0173,C0104,2,2024-08-29,Guy can per capital question class project political occur agreement natural debate.
R0999,P0780,C0159,4,2024-09-05,Room catch against service threat sit whatever wear fact rise must party.
R1000,P0413,C0150,5,2024-11-30,People billion three establish develop sell.
